time,source,media,violations,violation_types,compliant
2026-09-28 17:08:39,test1.jpeg,image,0,,True
2026-09-28 17:09:43,workers.jpeg,image,0,,True
2026-09-28 17:09:54,workers.jpeg,image,0,,True
2026-09-28 17:09:57,workers.jpeg,image,0,,True
2026-09-28 17:09:57,workers.jpeg,image,0,,True
2026-09-28 17:09:57,workers.jpeg,image,0,,True
2026-09-28 17:09:58,workers.jpeg,image,0,,True
2026-09-28 17:09:58,workers.jpeg,image,0,,True
2026-09-28 17:10:00,workers.jpeg,image,0,,True
2026-09-28 17:10:02,workers.jpeg,image,0,,True
2026-09-28 17:10:06,workers.jpeg,image,0,,True
2026-09-28 17:10:12,workers.jpeg,image,0,,True
2026-09-28 17:11:14,workers.jpeg,image,0,,True
2026-09-28 17:11:27,workers.jpeg,image,0,,True
2026-09-28 17:11:31,workers.jpeg,image,0,,True
2026-09-28 17:11:32,workers.jpeg,image,0,,True
2026-09-28 17:11:33,workers.jpeg,image,0,,True
2026-09-28 17:11:48,workers.jpeg,image,0,,True
2026-09-28 17:58:53,workers.jpeg,image,0,,True
2026-09-28 18:00:12,worker1.jpg,image,0,,True
2026-09-28 18:12:53,worker1.jpg,image,0,,True
2026-09-28 20:08:43,worker1.jpg,image,0,,True
2026-09-28 20:52:26,worker1.jpg,image,0,,True
2026-09-28 21:00:27,worker1.jpg,image,0,,True
2026-09-28 21:15:21,worker1.jpg,image,0,,True
2026-09-29 11:47:45,worker5.jpg,image,0,,True
2026-09-29 11:48:13,worker4.jpg,image,0,,True
2026-09-29 11:48:35,worker3.jpg,image,0,,True
2026-09-29 11:58:37,worker5.jpg,image,0,,True
2026-09-29 13:09:02,worker5.jpg,image,0,,True
